Epochs,MSE,Error_Rate_%
50,0.16758225858211517,31.606052368961162
100,0.17949791252613068,31.71542046207152
150,0.16717571020126343,32.07910866884178
200,0.20577369630336761,32.94157463543306
250,0.2034807652235031,30.94632094401669
300,0.1720893830060959,31.854592325095105
350,0.17585529386997223,32.38647135254533
400,0.18001584708690643,33.61362308088622
450,0.19215118885040283,32.016087364886275
500,0.18587465584278107,34.399308593793116
