Epochs,MSE,Error_Rate_%
50,0.12465600669384003,35.262048895825934
100,0.1334591656923294,32.040251659322166
150,0.1560463309288025,44.29412853895304
200,0.13011492788791656,36.49697498881014
250,0.13413983583450317,33.20260714119308
300,0.12915322184562683,32.91686620969575
350,0.12977810204029083,33.859633328330446
400,0.13623780012130737,38.673005088522494
450,0.13554984331130981,37.85613138130187
500,0.13442721962928772,34.936849764342796
