Epochs,MSE,Error_Rate_%
50,0.24817483127117157,43.42902181702086
100,0.17617861926555634,32.01392745278275
150,0.19052483141422272,32.066119597581604
200,0.2096874713897705,32.919731094037665
250,0.19839343428611755,31.13455774370421
300,0.20633536577224731,31.296750671549063
350,0.21244072914123535,35.10377707018896
400,0.1868581473827362,34.05060052212785
450,0.2263074815273285,34.18206985224182
500,0.19341522455215454,32.447282818276776
