Epochs,MSE,Error_Rate_%
50,0.1583096981048584,32.659822182363264
100,0.1887817531824112,31.93435997923934
150,0.19169360399246216,31.50035822525724
200,0.18466271460056305,31.68959814204962
250,0.17775174975395203,31.683558452235904
300,0.20614734292030334,33.03745957401472
350,0.23088295757770538,34.81647765027222
400,0.2347448766231537,33.41243598995098
450,0.22210894525051117,32.44144595835485
500,0.22188660502433777,40.99508233080156
