Epochs,MSE,Error_Rate_%
50,0.17422530055046082,31.548499137421025
100,0.19888542592525482,32.52055847394605
150,0.18481190502643585,33.358654364155655
200,0.21303057670593262,34.24948326259355
250,0.18857981264591217,33.98257733261659
300,0.21566620469093323,40.81123082990706
350,0.21113766729831696,35.73164029182313
400,0.2371891438961029,35.75211252419393
450,0.18230696022510529,29.63233669572944
500,0.20957408845424652,33.919620250495115
