Epochs,MSE,Error_Rate_%
50,0.17438651621341705,31.749739665989658
100,0.18376915156841278,32.14192470856422
150,0.19650834798812866,33.38507184635041
200,0.1920505315065384,32.39727991346279
250,0.21238923072814941,34.63616521902623
300,0.19902688264846802,36.38684754065861
350,0.18975773453712463,34.4725104823339
400,0.18533731997013092,35.74114825962988
450,0.18977676331996918,35.73549170320295
500,0.1900268942117691,34.444712724230506
